use [back of house]
--
insert into canales(canal) values ('tienda')
insert into canales(canal) values ('online')
--
insert into mediosDePago(mpago) values('efectivo')
insert into mediosDePago(mpago) values('debito')
insert into mediosDePago(mpago) values('credito')
--
insert into pos(pos) values('1')
insert into pos(pos) values('2')
insert into pos(pos) values('3')
insert into pos(pos) values('4')
--
insert into turnos(turno) values('am')
insert into turnos(turno) values('pm')
--
insert into colores(color) values('blanco')
insert into colores(color) values('negro')
insert into colores(color) values('gris')
insert into colores(color) values('rosa')
insert into colores(color) values('rojo')
insert into colores(color) values('lila')
insert into colores(color) values('amarillo')
insert into colores(color) values('verde')
insert into colores(color) values('azul')
insert into colores(color) values('violeta')
insert into colores(color) values('marron')
insert into colores(color) values('naranja')
insert into colores(color) values('turquesa')
insert into colores(color) values('celeste')
--
insert into talles(talle) values('xs')
insert into talles(talle) values('s')
insert into talles(talle) values('m')
insert into talles(talle) values('l')
insert into talles(talle) values('xl')
insert into talles(talle) values('xxl')
--
insert into generos(genero) values('hombre')
insert into generos(genero) values('mujer')
insert into generos(genero) values('unisex')
--
insert into proveedores(cuit, razonSocial, telefono, direccion, mail) values('20401334932', 'delta s.a.', '1549329485', 'los talares 129', 'delta.sa@gmail.com')
insert into proveedores(cuit, razonSocial, telefono, direccion, mail) values('20292134819', 'rivera s.r.l.', '1583203755', 'riobamba 555', 'contacto@rivera.com')
insert into proveedores(cuit, razonSocial, telefono, direccion, mail) values('20381209331', 'anthares s.a.', '1529462038', 'valencia 2002', 'anthares.contacto@gmail.com')
--
use [back of house]
insert into vendedores(nombre, apellido, dni, mail, telefono, fechaNacimiento, idTurno) values('lautaro', 'villalva','40130286', 'ljvillalva@gmail.com','1537756615', '18/1/1997', '1')
insert into vendedores(nombre, apellido, dni, mail, telefono, fechaNacimiento, idTurno) values('ayelen', 'perez', '40861673', 'ayepe@gmail.com', '1583729481', '7/10/1997', '1')
insert into vendedores(nombre, apellido, dni, mail, telefono, fechaNacimiento, idTurno) values('marcos', 'leal', '41394282', 'mleal@gmail.com', '1506963211', '9/04/1997', '1')
insert into vendedores(nombre, apellido, dni, mail, telefono, fechaNacimiento, idTurno) values('sol', 'franco', '39104837', 'franco.sol@hotmail.com', '1547592857', '10/10/1996', '2')
insert into vendedores(nombre, apellido, dni, mail, telefono, fechaNacimiento, idTurno) values('carlos', 'vives', '38120948', 'vives_carlos@gmail.com', '1559672945', '3/02/1995', '2')
insert into vendedores(nombre, apellido, dni, mail, telefono, fechaNacimiento, idTurno) values('camila', 'rodriguez', '40198573', 'cami.rod@gmail.com', '1510386902', '6/01/1997', '2')
insert into vendedores(nombre, apellido, dni, mail, telefono, fechaNacimiento, idTurno) values('micaela', 'pereyra', '40864928', 'pereyra_m@gmail.com', '1545983093', '7/11/1998', '1')
insert into vendedores(nombre, apellido, dni, mail, telefono, fechaNacimiento, idTurno) values('facundo', 'gonzalez', '40398402', 'gonzalez.facundo@gmail.com', '1550395849', '3/4/1997', '1')
insert into vendedores(nombre, apellido, dni, mail, telefono, fechaNacimiento, idTurno) values('gabriel', 'escobar', '40294857', 'ga.esc@gmail.com', '47493399', '20/7/1999', '1')
--
use [back of house]
--
insert into productos(descripcion, idColor, idTalle, stock, stockMin, precio, idGenero) values('buzo solar', '1', '1', '100', '50', '3399', '1')
insert into productos(descripcion, idColor, idTalle, stock, stockMin, precio, idGenero) values('buzo solar', '2', '2', '22', '50', '3399', '2')
insert into productos(descripcion, idColor, idTalle, stock, stockMin, precio, idGenero) values('buzo solar', '3', '3', '222', '50', '3399', '3')
insert into productos(descripcion, idColor, idTalle, stock, stockMin, precio, idGenero) values('campera solar', '4', '4', '433', '100', '4999', '1')
insert into productos(descripcion, idColor, idTalle, stock, stockMin, precio, idGenero) values('campera solar', '5', '5', '12', '100', '4999', '2')
insert into productos(descripcion, idColor, idTalle, stock, stockMin, precio, idGenero) values('campera solar', '6', '6', '123', '100', '4999', '3')
insert into productos(descripcion, idColor, idTalle, stock, stockMin, precio, idGenero) values('remera solar', '7', '1', '5', '70', '2999', '1')
insert into productos(descripcion, idColor, idTalle, stock, stockMin, precio, idGenero) values('remera solar', '8', '2', '234', '70', '2999', '2')
insert into productos(descripcion, idColor, idTalle, stock, stockMin, precio, idGenero) values('remera solar', '9', '3', '55', '70', '2999', '3')
insert into productos(descripcion, idColor, idTalle, stock, stockMin, precio, idGenero) values('musculosa solar', '10', '4', '122', '45', '1999', '1')
insert into productos(descripcion, idColor, idTalle, stock, stockMin, precio, idGenero) values('pantalon solar', '11', '5', '555', '45', '4999', '2')
insert into productos(descripcion, idColor, idTalle, stock, stockMin, precio, idGenero) values('pantalon solar', '12', '6', '1', '45', '4999', '3')
insert into productos(descripcion, idColor, idTalle, stock, stockMin, precio, idGenero) values('pantalon solar', '13', '1', '554', '45', '4999', '1')
insert into productos(descripcion, idColor, idTalle, stock, stockMin, precio, idGenero) values('bermuda solar', '14', '2', '322', '25', '3999', '2')
--
insert into productos(descripcion, idColor, idTalle, stock, stockMin, precio, idGenero) values('buzo lunar', '1', '3', '34', '25', '3399', '3')
insert into productos(descripcion, idColor, idTalle, stock, stockMin, precio, idGenero) values('buzo lunar', '2', '4', '432', '25', '3399', '1')
insert into productos(descripcion, idColor, idTalle, stock, stockMin, precio, idGenero) values('buzo lunar', '3', '5', '34', '25', '3399', '2')
insert into productos(descripcion, idColor, idTalle, stock, stockMin, precio, idGenero) values('campera lunar', '4', '6', '65', '44', '3999', '1')
insert into productos(descripcion, idColor, idTalle, stock, stockMin, precio, idGenero) values('campera lunar', '5', '1', '76', '44', '3999', '2')
insert into productos(descripcion, idColor, idTalle, stock, stockMin, precio, idGenero) values('campera lunar', '6', '2', '4', '44', '3999', '3')
insert into productos(descripcion, idColor, idTalle, stock, stockMin, precio, idGenero) values('remera lunar', '7', '3', '65', '33', '2999', '1')
insert into productos(descripcion, idColor, idTalle, stock, stockMin, precio, idGenero) values('remera lunar', '8', '4', '765', '33', '2999', '2')
insert into productos(descripcion, idColor, idTalle, stock, stockMin, precio, idGenero) values('musculosa lunar', '9', '5', '76', '65', '1999', '3')
insert into productos(descripcion, idColor, idTalle, stock, stockMin, precio, idGenero) values('musculosa lunar', '10', '6', '67', '65', '1999', '1')
insert into productos(descripcion, idColor, idTalle, stock, stockMin, precio, idGenero) values('pantalon lunar', '11', '1', '67', '28', '4999', '2')
insert into productos(descripcion, idColor, idTalle, stock, stockMin, precio, idGenero) values('pantalon lunar', '12', '2', '10', '28', '4999', '3')
insert into productos(descripcion, idColor, idTalle, stock, stockMin, precio, idGenero) values('pantalon lunar', '13', '3', '12', '28', '4999', '1')
insert into productos(descripcion, idColor, idTalle, stock, stockMin, precio, idGenero) values('pantalon lunar', '14', '4', '23', '28', '4999', '2')
--
insert into productos(descripcion, idColor, idTalle, stock, stockMin, precio, idGenero) values('pantalon norte', '1', '5', '33', '120', '3999', '3')
insert into productos(descripcion, idColor, idTalle, stock, stockMin, precio, idGenero) values('pantalon norte', '2', '6', '206', '120', '3999', '1')
insert into productos(descripcion, idColor, idTalle, stock, stockMin, precio, idGenero) values('pantalon norte', '4', '1', '77', '120', '3999', '2')
insert into productos(descripcion, idColor, idTalle, stock, stockMin, precio, idGenero) values('buzo norte', '5', '2', '120', '22', '3399', '3')
insert into productos(descripcion, idColor, idTalle, stock, stockMin, precio, idGenero) values('buzo norte', '6', '3', '25', '22', '3399', '1')
insert into productos(descripcion, idColor, idTalle, stock, stockMin, precio, idGenero) values('campera norte', '7', '4', '40', '77', '4999', '2')
insert into productos(descripcion, idColor, idTalle, stock, stockMin, precio, idGenero) values('campera norte', '8', '5', '125', '77', '4999', '3')
insert into productos(descripcion, idColor, idTalle, stock, stockMin, precio, idGenero) values('remera norte', '9', '6', '119', '69', '1999', '1')
insert into productos(descripcion, idColor, idTalle, stock, stockMin, precio, idGenero) values('musculosa norte', '10', '1', '10', '69', '1799', '1')
--
insert into productos(descripcion, idColor, idTalle, stock, stockMin, precio, idGenero) values('buzo sur', '11', '2', '89', '35', '4999', '2')
insert into productos(descripcion, idColor, idTalle, stock, stockMin, precio, idGenero) values('buzo sur', '12', '3', '134', '35', '4999', '3')
insert into productos(descripcion, idColor, idTalle, stock, stockMin, precio, idGenero) values('buzo sur', '13', '4', '57', '35', '4999', '1')
insert into productos(descripcion, idColor, idTalle, stock, stockMin, precio, idGenero) values('buzo sur', '14', '5', '119', '35', '4999', '2')
insert into productos(descripcion, idColor, idTalle, stock, stockMin, precio, idGenero) values('campera sur', '1', '6', '22', '44', '5999', '3')
insert into productos(descripcion, idColor, idTalle, stock, stockMin, precio, idGenero) values('remera sur', '2', '1', '120', '56', '1999', '1')
insert into productos(descripcion, idColor, idTalle, stock, stockMin, precio, idGenero) values('musculosa sur', '3', '2', '43', '67', '2999', '2')
insert into productos(descripcion, idColor, idTalle, stock, stockMin, precio, idGenero) values('musculosa sur', '4', '3', '30', '67', '2999', '3')
insert into productos(descripcion, idColor, idTalle, stock, stockMin, precio, idGenero) values('pantalon sur', '5', '4', '24', '75', '3399', '1')
insert into productos(descripcion, idColor, idTalle, stock, stockMin, precio, idGenero) values('pantalon sur', '6', '5', '150', '75', '3399', '2')
--
insert into productos(descripcion, idColor, idTalle, stock, stockMin, precio, idGenero) values('buzo amanecer', '7', '6', '200', '66', '4999', '3')
insert into productos(descripcion, idColor, idTalle, stock, stockMin, precio, idGenero) values('buzo amanecer', '8', '1', '120', '66', '4999', '1')
insert into productos(descripcion, idColor, idTalle, stock, stockMin, precio, idGenero) values('buzo amanecer', '9', '2', '129', '66', '4999', '2')
insert into productos(descripcion, idColor, idTalle, stock, stockMin, precio, idGenero) values('buzo amanecer', '10', '3', '119', '66', '4999', '3')
insert into productos(descripcion, idColor, idTalle, stock, stockMin, precio, idGenero) values('buzo amanecer', '11', '4', '22', '66', '4999', '1')
insert into productos(descripcion, idColor, idTalle, stock, stockMin, precio, idGenero) values('buzo amanecer', '12', '5', '122', '66', '4999', '2')
insert into productos(descripcion, idColor, idTalle, stock, stockMin, precio, idGenero) values('campera amanecer', '13', '6', '127', '125', '3399', '3')
insert into productos(descripcion, idColor, idTalle, stock, stockMin, precio, idGenero) values('campera amanecer', '14', '1', '35', '125', '3399', '1')
insert into productos(descripcion, idColor, idTalle, stock, stockMin, precio, idGenero) values('campera amanecer', '1', '2', '210', '125', '3399', '2')
insert into productos(descripcion, idColor, idTalle, stock, stockMin, precio, idGenero) values('remera amanecer', '2', '3', '19', '20', '3999', '3')
insert into productos(descripcion, idColor, idTalle, stock, stockMin, precio, idGenero) values('musculosa amanecer', '3', '4', '20', '45', '1999', '1')
insert into productos(descripcion, idColor, idTalle, stock, stockMin, precio, idGenero) values('musculosa amanecer', '4', '5', '222', '45', '1999', '2')
insert into productos(descripcion, idColor, idTalle, stock, stockMin, precio, idGenero) values('pantalon amanecer', '5', '6', '123', '66', '2999', '3')
--
insert into productos(descripcion, idColor, idTalle, stock, stockMin, precio, idGenero) values('buzo atardecer', '6', '1', '119', '50', '3999', '1')
insert into productos(descripcion, idColor, idTalle, stock, stockMin, precio, idGenero) values('buzo atardecer', '7', '2', '100', '50', '3999', '2')
insert into productos(descripcion, idColor, idTalle, stock, stockMin, precio, idGenero) values('buzo atardecer', '8', '3', '198', '50', '3999', '3')
insert into productos(descripcion, idColor, idTalle, stock, stockMin, precio, idGenero) values('buzo atardecer', '9', '4', '34', '50', '3999', '1')
insert into productos(descripcion, idColor, idTalle, stock, stockMin, precio, idGenero) values('campera atardecer', '10', '5', '119', '65', '3399', '2')
insert into productos(descripcion, idColor, idTalle, stock, stockMin, precio, idGenero) values('campera atardecer', '11', '6', '200', '65', '3399', '3')
insert into productos(descripcion, idColor, idTalle, stock, stockMin, precio, idGenero) values('campera atardecer', '12', '1', '13', '65', '3399', '1')
insert into productos(descripcion, idColor, idTalle, stock, stockMin, precio, idGenero) values('remera atardecer', '13', '2', '30', '69', '2999', '2')
insert into productos(descripcion, idColor, idTalle, stock, stockMin, precio, idGenero) values('remera atardecer', '14', '3', '15', '69', '2999', '3')
insert into productos(descripcion, idColor, idTalle, stock, stockMin, precio, idGenero) values('remera atardecer', '1', '4', '40', '69', '2999', '1')
insert into productos(descripcion, idColor, idTalle, stock, stockMin, precio, idGenero) values('pantalon atardecer', '2', '5', '35', '30', '4999', '2')
insert into productos(descripcion, idColor, idTalle, stock, stockMin, precio, idGenero) values('bermuda atardecer', '3', '6', '119', '70', '3999', '3')
insert into productos(descripcion, idColor, idTalle, stock, stockMin, precio, idGenero) values('bermuda atardecer', '4', '1', '125', '70', '3999', '1')
--
insert into productosXpedidos(upc, idPedido, cantidad) values(	4650	,	2	,	100	)
insert into productosXpedidos(upc, idPedido, cantidad) values(	4750	,	2	,	105	)
insert into productosXpedidos(upc, idPedido, cantidad) values(	4850	,	2	,	110	)
insert into productosXpedidos(upc, idPedido, cantidad) values(	4950	,	2	,	115	)
insert into productosXpedidos(upc, idPedido, cantidad) values(	4660	,	3	,	120	)
insert into productosXpedidos(upc, idPedido, cantidad) values(	4780	,	3	,	125	)
insert into productosXpedidos(upc, idPedido, cantidad) values(	4900	,	3	,	130	)
insert into productosXpedidos(upc, idPedido, cantidad) values(	5020	,	3	,	135	)
insert into productosXpedidos(upc, idPedido, cantidad) values(	5140	,	3	,	140	)
insert into productosXpedidos(upc, idPedido, cantidad) values(	5260	,	3	,	145	)
insert into productosXpedidos(upc, idPedido, cantidad) values(	4740	,	4	,	150	)
insert into productosXpedidos(upc, idPedido, cantidad) values(	4850	,	4	,	155	)
insert into productosXpedidos(upc, idPedido, cantidad) values(	4960	,	4	,	160	)
insert into productosXpedidos(upc, idPedido, cantidad) values(	5070	,	4	,	165	)
insert into productosXpedidos(upc, idPedido, cantidad) values(	5100	,	5	,	170	)
insert into productosXpedidos(upc, idPedido, cantidad) values(	5130	,	5	,	175	)
insert into productosXpedidos(upc, idPedido, cantidad) values(	5160	,	5	,	180	)
insert into productosXpedidos(upc, idPedido, cantidad) values(	5190	,	5	,	185	)
insert into productosXpedidos(upc, idPedido, cantidad) values(	4790	,	6	,	190	)
insert into productosXpedidos(upc, idPedido, cantidad) values(	4900	,	6	,	195	)
insert into productosXpedidos(upc, idPedido, cantidad) values(	5010	,	6	,	200	)
insert into productosXpedidos(upc, idPedido, cantidad) values(	5120	,	6	,	205	)
insert into productosXpedidos(upc, idPedido, cantidad) values(	5170	,	7	,	210	)
insert into productosXpedidos(upc, idPedido, cantidad) values(	5290	,	7	,	215	)
insert into productosXpedidos(upc, idPedido, cantidad) values(	4690	,	8	,	220	)
insert into productosXpedidos(upc, idPedido, cantidad) values(	4790	,	8	,	225	)
insert into productosXpedidos(upc, idPedido, cantidad) values(	4890	,	8	,	230	)
insert into productosXpedidos(upc, idPedido, cantidad) values(	4990	,	8	,	235	)
insert into productosXpedidos(upc, idPedido, cantidad) values(	4700	,	8	,	240	)
insert into productosXpedidos(upc, idPedido, cantidad) values(	5290	,	9	,	245	)
insert into productosXpedidos(upc, idPedido, cantidad) values(	5270	,	9	,	250	)
insert into productosXpedidos(upc, idPedido, cantidad) values(	5250	,	9	,	255	)
insert into productosXpedidos(upc, idPedido, cantidad) values(	5230	,	9	,	260	)
insert into productosXpedidos(upc, idPedido, cantidad) values(	5210	,	9	,	265	)
insert into productosXpedidos(upc, idPedido, cantidad) values(	5080	,	10	,	270	)
insert into productosXpedidos(upc, idPedido, cantidad) values(	5090	,	10	,	275	)
insert into productosXpedidos(upc, idPedido, cantidad) values(	5100	,	10	,	280	)
insert into productosXpedidos(upc, idPedido, cantidad) values(	5110	,	10	,	285	)
insert into productosXpedidos(upc, idPedido, cantidad) values(	5060	,	11	,	290	)
insert into productosXpedidos(upc, idPedido, cantidad) values(	5070	,	11	,	295	)
insert into productosXpedidos(upc, idPedido, cantidad) values(	5080	,	11	,	300	)
insert into productosXpedidos(upc, idPedido, cantidad) values(	5090	,	11	,	305	)
insert into productosXpedidos(upc, idPedido, cantidad) values(	4790	,	12	,	310	)
insert into productosXpedidos(upc, idPedido, cantidad) values(	4890	,	12	,	315	)
insert into productosXpedidos(upc, idPedido, cantidad) values(	4990	,	12	,	320	)
insert into productosXpedidos(upc, idPedido, cantidad) values(	4700	,	12	,	325	)
insert into productosXpedidos(upc, idPedido, cantidad) values(	4820	,	13	,	330	)
insert into productosXpedidos(upc, idPedido, cantidad) values(	4940	,	13	,	335	)
insert into productosXpedidos(upc, idPedido, cantidad) values(	5060	,	13	,	340	)
insert into productosXpedidos(upc, idPedido, cantidad) values(	5180	,	13	,	345	)
insert into productosXpedidos(upc, idPedido, cantidad) values(	5300	,	14	,	350	)
insert into productosXpedidos(upc, idPedido, cantidad) values(	4780	,	14	,	355	)
insert into productosXpedidos(upc, idPedido, cantidad) values(	4890	,	14	,	360	)
--
SET DATEFORMAT dmy
insert into ventas(idCanal, idMedioPago, fecha, pos, legajoVendedor) values(	'1'	,	'2'	,	'06/05/20'	,	'1'	,	'1070'	)
insert into ventas(idCanal, idMedioPago, fecha, pos, legajoVendedor) values(	'1'	,	'3'	,	'24/03/20'	,	'2'	,	'1040'	)
insert into ventas(idCanal, idMedioPago, fecha, pos, legajoVendedor) values(	'1'	,	'1'	,	'26/04/20'	,	'4'	,	'1020'	)
insert into ventas(idCanal, idMedioPago, fecha, pos, legajoVendedor) values(	'1'	,	'3'	,	'06/09/20'	,	'2'	,	'1070'	)
insert into ventas(idCanal, idMedioPago, fecha, pos, legajoVendedor) values(	'1'	,	'1'	,	'16/02/21'	,	'3'	,	'1080'	)
insert into ventas(idCanal, idMedioPago, fecha, pos, legajoVendedor) values(	'1'	,	'1'	,	'16/03/20'	,	'2'	,	'1090'	)
insert into ventas(idCanal, idMedioPago, fecha, pos, legajoVendedor) values(	'2'	,	'2'	,	'02/03/20'	,	'4'	,	'1090'	)
insert into ventas(idCanal, idMedioPago, fecha, pos, legajoVendedor) values(	'2'	,	'3'	,	'26/01/21'	,	'1'	,	'1050'	)
insert into ventas(idCanal, idMedioPago, fecha, pos, legajoVendedor) values(	'1'	,	'2'	,	'26/10/20'	,	'3'	,	'1050'	)
insert into ventas(idCanal, idMedioPago, fecha, pos, legajoVendedor) values(	'1'	,	'3'	,	'17/06/20'	,	'1'	,	'1050'	)
insert into ventas(idCanal, idMedioPago, fecha, pos, legajoVendedor) values(	'2'	,	'3'	,	'24/09/20'	,	'1'	,	'1090'	)
insert into ventas(idCanal, idMedioPago, fecha, pos, legajoVendedor) values(	'1'	,	'3'	,	'20/08/20'	,	'4'	,	'1070'	)
insert into ventas(idCanal, idMedioPago, fecha, pos, legajoVendedor) values(	'2'	,	'2'	,	'08/02/20'	,	'4'	,	'1080'	)
insert into ventas(idCanal, idMedioPago, fecha, pos, legajoVendedor) values(	'1'	,	'3'	,	'24/06/20'	,	'1'	,	'1020'	)
insert into ventas(idCanal, idMedioPago, fecha, pos, legajoVendedor) values(	'1'	,	'2'	,	'16/05/20'	,	'4'	,	'1090'	)
insert into ventas(idCanal, idMedioPago, fecha, pos, legajoVendedor) values(	'2'	,	'2'	,	'21/02/20'	,	'2'	,	'1030'	)
insert into ventas(idCanal, idMedioPago, fecha, pos, legajoVendedor) values(	'2'	,	'1'	,	'06/11/20'	,	'4'	,	'1080'	)
insert into ventas(idCanal, idMedioPago, fecha, pos, legajoVendedor) values(	'2'	,	'1'	,	'02/02/20'	,	'1'	,	'1070'	)
insert into ventas(idCanal, idMedioPago, fecha, pos, legajoVendedor) values(	'2'	,	'1'	,	'22/02/21'	,	'2'	,	'1090'	)
insert into ventas(idCanal, idMedioPago, fecha, pos, legajoVendedor) values(	'1'	,	'1'	,	'14/06/20'	,	'4'	,	'1100'	)
insert into ventas(idCanal, idMedioPago, fecha, pos, legajoVendedor) values(	'2'	,	'2'	,	'10/05/20'	,	'2'	,	'1080'	)
insert into ventas(idCanal, idMedioPago, fecha, pos, legajoVendedor) values(	'2'	,	'3'	,	'07/08/20'	,	'4'	,	'1020'	)
insert into ventas(idCanal, idMedioPago, fecha, pos, legajoVendedor) values(	'1'	,	'2'	,	'09/01/21'	,	'3'	,	'1090'	)
insert into ventas(idCanal, idMedioPago, fecha, pos, legajoVendedor) values(	'2'	,	'2'	,	'12/03/20'	,	'3'	,	'1070'	)
insert into ventas(idCanal, idMedioPago, fecha, pos, legajoVendedor) values(	'2'	,	'1'	,	'01/11/20'	,	'2'	,	'1080'	)
insert into ventas(idCanal, idMedioPago, fecha, pos, legajoVendedor) values(	'1'	,	'3'	,	'22/12/20'	,	'3'	,	'1030'	)
insert into ventas(idCanal, idMedioPago, fecha, pos, legajoVendedor) values(	'1'	,	'3'	,	'10/07/20'	,	'1'	,	'1050'	)
insert into ventas(idCanal, idMedioPago, fecha, pos, legajoVendedor) values(	'2'	,	'2'	,	'08/06/20'	,	'2'	,	'1060'	)
insert into ventas(idCanal, idMedioPago, fecha, pos, legajoVendedor) values(	'1'	,	'1'	,	'16/11/20'	,	'2'	,	'1100'	)
insert into ventas(idCanal, idMedioPago, fecha, pos, legajoVendedor) values(	'2'	,	'3'	,	'03/05/20'	,	'2'	,	'1030'	)
insert into ventas(idCanal, idMedioPago, fecha, pos, legajoVendedor) values(	'2'	,	'1'	,	'26/08/20'	,	'2'	,	'1060'	)
insert into ventas(idCanal, idMedioPago, fecha, pos, legajoVendedor) values(	'2'	,	'1'	,	'21/11/20'	,	'2'	,	'1060'	)
insert into ventas(idCanal, idMedioPago, fecha, pos, legajoVendedor) values(	'2'	,	'1'	,	'04/01/21'	,	'1'	,	'1020'	)
insert into ventas(idCanal, idMedioPago, fecha, pos, legajoVendedor) values(	'2'	,	'2'	,	'07/03/20'	,	'2'	,	'1040'	)
insert into ventas(idCanal, idMedioPago, fecha, pos, legajoVendedor) values(	'1'	,	'1'	,	'30/06/20'	,	'2'	,	'1080'	)
insert into ventas(idCanal, idMedioPago, fecha, pos, legajoVendedor) values(	'1'	,	'1'	,	'14/10/20'	,	'1'	,	'1040'	)
insert into ventas(idCanal, idMedioPago, fecha, pos, legajoVendedor) values(	'2'	,	'2'	,	'21/01/20'	,	'3'	,	'1040'	)
insert into ventas(idCanal, idMedioPago, fecha, pos, legajoVendedor) values(	'1'	,	'3'	,	'16/10/20'	,	'4'	,	'1090'	)
insert into ventas(idCanal, idMedioPago, fecha, pos, legajoVendedor) values(	'2'	,	'3'	,	'29/05/20'	,	'1'	,	'1100'	)
insert into ventas(idCanal, idMedioPago, fecha, pos, legajoVendedor) values(	'1'	,	'2'	,	'01/11/20'	,	'1'	,	'1080'	)
insert into ventas(idCanal, idMedioPago, fecha, pos, legajoVendedor) values(	'2'	,	'2'	,	'13/01/20'	,	'4'	,	'1070'	)
insert into ventas(idCanal, idMedioPago, fecha, pos, legajoVendedor) values(	'2'	,	'1'	,	'06/09/20'	,	'3'	,	'1080'	)
insert into ventas(idCanal, idMedioPago, fecha, pos, legajoVendedor) values(	'2'	,	'3'	,	'22/10/20'	,	'4'	,	'1060'	)
insert into ventas(idCanal, idMedioPago, fecha, pos, legajoVendedor) values(	'2'	,	'2'	,	'17/06/20'	,	'4'	,	'1090'	)
insert into ventas(idCanal, idMedioPago, fecha, pos, legajoVendedor) values(	'2'	,	'3'	,	'24/03/20'	,	'1'	,	'1030'	)
insert into ventas(idCanal, idMedioPago, fecha, pos, legajoVendedor) values(	'2'	,	'3'	,	'13/11/20'	,	'1'	,	'1100'	)
insert into ventas(idCanal, idMedioPago, fecha, pos, legajoVendedor) values(	'2'	,	'1'	,	'07/02/21'	,	'2'	,	'1060'	)
insert into ventas(idCanal, idMedioPago, fecha, pos, legajoVendedor) values(	'1'	,	'3'	,	'08/05/20'	,	'1'	,	'1100'	)
insert into ventas(idCanal, idMedioPago, fecha, pos, legajoVendedor) values(	'2'	,	'1'	,	'21/03/20'	,	'1'	,	'1050'	)
insert into ventas(idCanal, idMedioPago, fecha, pos, legajoVendedor) values(	'1'	,	'3'	,	'07/08/20'	,	'3'	,	'1090'	)
insert into ventas(idCanal, idMedioPago, fecha, pos, legajoVendedor) values(	'2'	,	'2'	,	'14/10/20'	,	'1'	,	'1060'	)
insert into ventas(idCanal, idMedioPago, fecha, pos, legajoVendedor) values(	'2'	,	'1'	,	'17/02/20'	,	'1'	,	'1030'	)
insert into ventas(idCanal, idMedioPago, fecha, pos, legajoVendedor) values(	'2'	,	'2'	,	'25/01/21'	,	'3'	,	'1020'	)
insert into ventas(idCanal, idMedioPago, fecha, pos, legajoVendedor) values(	'1'	,	'3'	,	'12/07/20'	,	'2'	,	'1060'	)
insert into ventas(idCanal, idMedioPago, fecha, pos, legajoVendedor) values(	'1'	,	'1'	,	'12/11/20'	,	'3'	,	'1070'	)
insert into ventas(idCanal, idMedioPago, fecha, pos, legajoVendedor) values(	'2'	,	'3'	,	'28/02/20'	,	'1'	,	'1090'	)
insert into ventas(idCanal, idMedioPago, fecha, pos, legajoVendedor) values(	'2'	,	'2'	,	'02/10/20'	,	'3'	,	'1060'	)
insert into ventas(idCanal, idMedioPago, fecha, pos, legajoVendedor) values(	'2'	,	'3'	,	'05/01/21'	,	'3'	,	'1070'	)
insert into ventas(idCanal, idMedioPago, fecha, pos, legajoVendedor) values(	'2'	,	'1'	,	'16/05/20'	,	'1'	,	'1070'	)
insert into ventas(idCanal, idMedioPago, fecha, pos, legajoVendedor) values(	'2'	,	'2'	,	'13/12/20'	,	'3'	,	'1100'	)
insert into ventas(idCanal, idMedioPago, fecha, pos, legajoVendedor) values(	'1'	,	'1'	,	'17/09/20'	,	'2'	,	'1070'	)
insert into ventas(idCanal, idMedioPago, fecha, pos, legajoVendedor) values(	'2'	,	'3'	,	'30/08/20'	,	'3'	,	'1040'	)
insert into ventas(idCanal, idMedioPago, fecha, pos, legajoVendedor) values(	'2'	,	'1'	,	'27/05/20'	,	'4'	,	'1050'	)
insert into ventas(idCanal, idMedioPago, fecha, pos, legajoVendedor) values(	'1'	,	'1'	,	'06/11/20'	,	'1'	,	'1060'	)
insert into ventas(idCanal, idMedioPago, fecha, pos, legajoVendedor) values(	'2'	,	'1'	,	'25/05/20'	,	'3'	,	'1080'	)
insert into ventas(idCanal, idMedioPago, fecha, pos, legajoVendedor) values(	'1'	,	'1'	,	'06/08/20'	,	'4'	,	'1070'	)
insert into ventas(idCanal, idMedioPago, fecha, pos, legajoVendedor) values(	'2'	,	'3'	,	'25/01/20'	,	'1'	,	'1100'	)
insert into ventas(idCanal, idMedioPago, fecha, pos, legajoVendedor) values(	'2'	,	'3'	,	'24/01/20'	,	'1'	,	'1040'	)
insert into ventas(idCanal, idMedioPago, fecha, pos, legajoVendedor) values(	'1'	,	'2'	,	'06/01/20'	,	'4'	,	'1080'	)
insert into ventas(idCanal, idMedioPago, fecha, pos, legajoVendedor) values(	'1'	,	'1'	,	'09/10/20'	,	'2'	,	'1090'	)
insert into ventas(idCanal, idMedioPago, fecha, pos, legajoVendedor) values(	'1'	,	'2'	,	'17/05/20'	,	'4'	,	'1040'	)
insert into ventas(idCanal, idMedioPago, fecha, pos, legajoVendedor) values(	'1'	,	'1'	,	'01/04/20'	,	'1'	,	'1060'	)
insert into ventas(idCanal, idMedioPago, fecha, pos, legajoVendedor) values(	'1'	,	'3'	,	'09/05/20'	,	'4'	,	'1080'	)
insert into ventas(idCanal, idMedioPago, fecha, pos, legajoVendedor) values(	'1'	,	'2'	,	'22/06/20'	,	'2'	,	'1100'	)
insert into ventas(idCanal, idMedioPago, fecha, pos, legajoVendedor) values(	'2'	,	'1'	,	'27/12/20'	,	'2'	,	'1060'	)
insert into ventas(idCanal, idMedioPago, fecha, pos, legajoVendedor) values(	'1'	,	'2'	,	'21/04/20'	,	'3'	,	'1080'	)
insert into ventas(idCanal, idMedioPago, fecha, pos, legajoVendedor) values(	'1'	,	'2'	,	'13/02/20'	,	'3'	,	'1040'	)
insert into ventas(idCanal, idMedioPago, fecha, pos, legajoVendedor) values(	'1'	,	'3'	,	'25/01/21'	,	'4'	,	'1090'	)
insert into ventas(idCanal, idMedioPago, fecha, pos, legajoVendedor) values(	'2'	,	'3'	,	'07/01/20'	,	'3'	,	'1080'	)
insert into ventas(idCanal, idMedioPago, fecha, pos, legajoVendedor) values(	'2'	,	'1'	,	'30/06/20'	,	'2'	,	'1030'	)
insert into ventas(idCanal, idMedioPago, fecha, pos, legajoVendedor) values(	'2'	,	'1'	,	'15/11/20'	,	'4'	,	'1020'	)
insert into ventas(idCanal, idMedioPago, fecha, pos, legajoVendedor) values(	'2'	,	'2'	,	'30/01/21'	,	'1'	,	'1080'	)
insert into ventas(idCanal, idMedioPago, fecha, pos, legajoVendedor) values(	'2'	,	'2'	,	'15/10/20'	,	'1'	,	'1020'	)
insert into ventas(idCanal, idMedioPago, fecha, pos, legajoVendedor) values(	'2'	,	'3'	,	'16/04/20'	,	'4'	,	'1090'	)
insert into ventas(idCanal, idMedioPago, fecha, pos, legajoVendedor) values(	'1'	,	'3'	,	'26/05/20'	,	'1'	,	'1100'	)
insert into ventas(idCanal, idMedioPago, fecha, pos, legajoVendedor) values(	'1'	,	'1'	,	'10/02/20'	,	'4'	,	'1070'	)
insert into ventas(idCanal, idMedioPago, fecha, pos, legajoVendedor) values(	'2'	,	'1'	,	'18/12/20'	,	'4'	,	'1030'	)
insert into ventas(idCanal, idMedioPago, fecha, pos, legajoVendedor) values(	'1'	,	'1'	,	'06/01/20'	,	'2'	,	'1100'	)
insert into ventas(idCanal, idMedioPago, fecha, pos, legajoVendedor) values(	'2'	,	'1'	,	'25/02/20'	,	'3'	,	'1090'	)
insert into ventas(idCanal, idMedioPago, fecha, pos, legajoVendedor) values(	'1'	,	'2'	,	'09/05/20'	,	'2'	,	'1040'	)
insert into ventas(idCanal, idMedioPago, fecha, pos, legajoVendedor) values(	'1'	,	'3'	,	'19/01/20'	,	'2'	,	'1050'	)
insert into ventas(idCanal, idMedioPago, fecha, pos, legajoVendedor) values(	'1'	,	'1'	,	'18/04/20'	,	'1'	,	'1020'	)
insert into ventas(idCanal, idMedioPago, fecha, pos, legajoVendedor) values(	'1'	,	'3'	,	'22/03/20'	,	'2'	,	'1080'	)
insert into ventas(idCanal, idMedioPago, fecha, pos, legajoVendedor) values(	'1'	,	'3'	,	'08/11/20'	,	'4'	,	'1050'	)
insert into ventas(idCanal, idMedioPago, fecha, pos, legajoVendedor) values(	'2'	,	'2'	,	'02/02/20'	,	'4'	,	'1060'	)
insert into ventas(idCanal, idMedioPago, fecha, pos, legajoVendedor) values(	'1'	,	'2'	,	'10/01/21'	,	'2'	,	'1030'	)
insert into ventas(idCanal, idMedioPago, fecha, pos, legajoVendedor) values(	'2'	,	'1'	,	'26/11/20'	,	'4'	,	'1020'	)
insert into ventas(idCanal, idMedioPago, fecha, pos, legajoVendedor) values(	'1'	,	'2'	,	'17/04/20'	,	'4'	,	'1020'	)
insert into ventas(idCanal, idMedioPago, fecha, pos, legajoVendedor) values(	'1'	,	'1'	,	'16/02/20'	,	'4'	,	'1020'	)
insert into ventas(idCanal, idMedioPago, fecha, pos, legajoVendedor) values(	'1'	,	'1'	,	'26/10/20'	,	'1'	,	'1090'	)
insert into ventas(idCanal, idMedioPago, fecha, pos, legajoVendedor) values(	'2'	,	'1'	,	'14/05/20'	,	'3'	,	'1100'	)
insert into ventas(idCanal, idMedioPago, fecha, pos, legajoVendedor) values(	'2'	,	'1'	,	'28/01/21'	,	'2'	,	'1050'	)
insert into ventas(idCanal, idMedioPago, fecha, pos, legajoVendedor) values(	'2'	,	'3'	,	'22/02/21'	,	'3'	,	'1070'	)
insert into ventas(idCanal, idMedioPago, fecha, pos, legajoVendedor) values(	'1'	,	'3'	,	'02/09/20'	,	'1'	,	'1100'	)
insert into ventas(idCanal, idMedioPago, fecha, pos, legajoVendedor) values(	'2'	,	'2'	,	'31/01/20'	,	'3'	,	'1060'	)
insert into ventas(idCanal, idMedioPago, fecha, pos, legajoVendedor) values(	'1'	,	'2'	,	'27/08/20'	,	'3'	,	'1090'	)
insert into ventas(idCanal, idMedioPago, fecha, pos, legajoVendedor) values(	'1'	,	'1'	,	'17/02/20'	,	'2'	,	'1030'	)
insert into ventas(idCanal, idMedioPago, fecha, pos, legajoVendedor) values(	'1'	,	'1'	,	'16/08/20'	,	'4'	,	'1050'	)
insert into ventas(idCanal, idMedioPago, fecha, pos, legajoVendedor) values(	'1'	,	'1'	,	'11/10/20'	,	'2'	,	'1080'	)
insert into ventas(idCanal, idMedioPago, fecha, pos, legajoVendedor) values(	'2'	,	'1'	,	'15/11/20'	,	'3'	,	'1100'	)
insert into ventas(idCanal, idMedioPago, fecha, pos, legajoVendedor) values(	'2'	,	'2'	,	'13/10/20'	,	'4'	,	'1060'	)
insert into ventas(idCanal, idMedioPago, fecha, pos, legajoVendedor) values(	'2'	,	'2'	,	'17/02/21'	,	'4'	,	'1080'	)
insert into ventas(idCanal, idMedioPago, fecha, pos, legajoVendedor) values(	'2'	,	'3'	,	'15/02/20'	,	'3'	,	'1080'	)
													--
insert into productosXventa(upc, idVenta, precioUnitario, cantidad) values('4710'	,	'1'	,	'2999'	,	'7')
insert into productosXventa(upc, idVenta, precioUnitario, cantidad) values('5070'	,	'3'	,	'1999'	,	'6')
insert into productosXventa(upc, idVenta, precioUnitario, cantidad) values('5030'	,	'3'	,	'4999'	,	'2')
insert into productosXventa(upc, idVenta, precioUnitario, cantidad) values('5320'	,	'5'	,	'2999'	,	'10')
insert into productosXventa(upc, idVenta, precioUnitario, cantidad) values('4930'	,	'5'	,	'3999'	,	'13')
insert into productosXventa(upc, idVenta, precioUnitario, cantidad) values('5040'	,	'6'	,	'4999'	,	'11')
insert into productosXventa(upc, idVenta, precioUnitario, cantidad) values('5270'	,	'6'	,	'3999'	,	'3')
insert into productosXventa(upc, idVenta, precioUnitario, cantidad) values('5270'	,	'7'	,	'3999'	,	'12')
insert into productosXventa(upc, idVenta, precioUnitario, cantidad) values('5230'	,	'8'	,	'1999'	,	'5')
insert into productosXventa(upc, idVenta, precioUnitario, cantidad) values('4740'	,	'8'	,	'1999'	,	'1')
insert into productosXventa(upc, idVenta, precioUnitario, cantidad) values('4660'	,	'10'	,	'3399'	,	'12'	)
insert into productosXventa(upc, idVenta, precioUnitario, cantidad) values('5280'	,	'10'	,	'3999'	,	'11'	)
insert into productosXventa(upc, idVenta, precioUnitario, cantidad) values('4730'	,	'11'	,	'2999'	,	'7')
insert into productosXventa(upc, idVenta, precioUnitario, cantidad) values('5270'	,	'12'	,	'3999'	,	'3')
insert into productosXventa(upc, idVenta, precioUnitario, cantidad) values('5040'	,	'12'	,	'4999'	,	'4')
insert into productosXventa(upc, idVenta, precioUnitario, cantidad) values('5250'	,	'13'	,	'3999'	,	'12'	)
insert into productosXventa(upc, idVenta, precioUnitario, cantidad) values('4720'	,	'13'	,	'2999'	,	'7')
insert into productosXventa(upc, idVenta, precioUnitario, cantidad) values('5340'	,	'13'	,	'2999'	,	'10'	)
insert into productosXventa(upc, idVenta, precioUnitario, cantidad) values('4980'	,	'13'	,	'4999'	,	'11'	)
insert into productosXventa(upc, idVenta, precioUnitario, cantidad) values('4680'	,	'13'	,	'4999'	,	'7')
insert into productosXventa(upc, idVenta, precioUnitario, cantidad) values('4820'	,	'14'	,	'3999'	,	'4')
insert into productosXventa(upc, idVenta, precioUnitario, cantidad) values('5080'	,	'14'	,	'2999'	,	'2')
insert into productosXventa(upc, idVenta, precioUnitario, cantidad) values('4970'	,	'15'	,	'3399'	,	'1')
insert into productosXventa(upc, idVenta, precioUnitario, cantidad) values('4830'	,	'16'	,	'3999'	,	'1')
insert into productosXventa(upc, idVenta, precioUnitario, cantidad) values('4800'	,	'16'	,	'3399'	,	'10'	)
insert into productosXventa(upc, idVenta, precioUnitario, cantidad) values('4890'	,	'16'	,	'4999'	,	'1')
insert into productosXventa(upc, idVenta, precioUnitario, cantidad) values('4850'	,	'17'	,	'2999'	,	'2')
insert into productosXventa(upc, idVenta, precioUnitario, cantidad) values('4820'	,	'18'	,	'3999'	,	'6')
insert into productosXventa(upc, idVenta, precioUnitario, cantidad) values('5040'	,	'20'	,	'4999'	,	'4')
insert into productosXventa(upc, idVenta, precioUnitario, cantidad) values('5370'	,	'20'	,	'3999'	,	'12'	)
insert into productosXventa(upc, idVenta, precioUnitario, cantidad) values('4970'	,	'20'	,	'3399'	,	'2')
insert into productosXventa(upc, idVenta, precioUnitario, cantidad) values('5200'	,	'21'	,	'3399'	,	'4')
insert into productosXventa(upc, idVenta, precioUnitario, cantidad) values('4820'	,	'22'	,	'3999'	,	'1')
insert into productosXventa(upc, idVenta, precioUnitario, cantidad) values('5030'	,	'22'	,	'4999'	,	'12'	)
insert into productosXventa(upc, idVenta, precioUnitario, cantidad) values('5270'	,	'24'	,	'3999'	,	'6')
insert into productosXventa(upc, idVenta, precioUnitario, cantidad) values('4770'	,	'25'	,	'4999'	,	'8')
insert into productosXventa(upc, idVenta, precioUnitario, cantidad) values('5100'	,	'25'	,	'3399'	,	'3')
insert into productosXventa(upc, idVenta, precioUnitario, cantidad) values('5060'	,	'25'	,	'5999'	,	'11'	)
insert into productosXventa(upc, idVenta, precioUnitario, cantidad) values('5040'	,	'25'	,	'4999'	,	'12'	)
insert into productosXventa(upc, idVenta, precioUnitario, cantidad) values('5320'	,	'26'	,	'2999'	,	'1')
insert into productosXventa(upc, idVenta, precioUnitario, cantidad) values('5030'	,	'27'	,	'4999'	,	'8')
insert into productosXventa(upc, idVenta, precioUnitario, cantidad) values('5180'	,	'27'	,	'4999'	,	'4')
insert into productosXventa(upc, idVenta, precioUnitario, cantidad) values('4700'	,	'27'	,	'4999'	,	'9')
insert into productosXventa(upc, idVenta, precioUnitario, cantidad) values('4970'	,	'27'	,	'3399'	,	'7')
insert into productosXventa(upc, idVenta, precioUnitario, cantidad) values('5150'	,	'28'	,	'4999'	,	'12'	)
insert into productosXventa(upc, idVenta, precioUnitario, cantidad) values('5180'	,	'28'	,	'3399'	,	'4')
insert into productosXventa(upc, idVenta, precioUnitario, cantidad) values('5130'	,	'28'	,	'4999'	,	'7')
insert into productosXventa(upc, idVenta, precioUnitario, cantidad) values('4830'	,	'29'	,	'3999'	,	'11'	)
insert into productosXventa(upc, idVenta, precioUnitario, cantidad) values('4660'	,	'29'	,	'3399'	,	'7')
insert into productosXventa(upc, idVenta, precioUnitario, cantidad) values('4790'	,	'29'	,	'3399'	,	'2')
insert into productosXventa(upc, idVenta, precioUnitario, cantidad) values('4690'	,	'29'	,	'4999'	,	'1')
insert into productosXventa(upc, idVenta, precioUnitario, cantidad) values('4950'	,	'32'	,	'3999'	,	'7')
insert into productosXventa(upc, idVenta, precioUnitario, cantidad) values('5020'	,	'32'	,	'4999'	,	'13'	)
insert into productosXventa(upc, idVenta, precioUnitario, cantidad) values('5090'	,	'32'	,	'2999'	,	'8')
insert into productosXventa(upc, idVenta, precioUnitario, cantidad) values('5010'	,	'32'	,	'1799'	,	'8')
insert into productosXventa(upc, idVenta, precioUnitario, cantidad) values('5350'	,	'32'	,	'4999'	,	'11'	)
insert into productosXventa(upc, idVenta, precioUnitario, cantidad) values('5340'	,	'32'	,	'2999'	,	'5')
insert into productosXventa(upc, idVenta, precioUnitario, cantidad) values('4690'	,	'33'	,	'4999'	,	'8')
insert into productosXventa(upc, idVenta, precioUnitario, cantidad) values('4880'	,	'33'	,	'1999'	,	'5')
insert into productosXventa(upc, idVenta, precioUnitario, cantidad) values('5280'	,	'33'	,	'3999'	,	'13'	)
insert into productosXventa(upc, idVenta, precioUnitario, cantidad) values('4870'	,	'33'	,	'1999'	,	'8')
insert into productosXventa(upc, idVenta, precioUnitario, cantidad) values('5300'	,	'34'	,	'3399'	,	'1')
insert into productosXventa(upc, idVenta, precioUnitario, cantidad) values('5010'	,	'34'	,	'1799'	,	'10'	)
insert into productosXventa(upc, idVenta, precioUnitario, cantidad) values('5120'	,	'34'	,	'4999'	,	'1')
insert into productosXventa(upc, idVenta, precioUnitario, cantidad) values('5080'	,	'35'	,	'2999'	,	'7')
insert into productosXventa(upc, idVenta, precioUnitario, cantidad) values('5140'	,	'35'	,	'4999'	,	'9')
insert into productosXventa(upc, idVenta, precioUnitario, cantidad) values('4730'	,	'35'	,	'2999'	,	'8')
insert into productosXventa(upc, idVenta, precioUnitario, cantidad) values('4700'	,	'36'	,	'4999'	,	'13'	)
insert into productosXventa(upc, idVenta, precioUnitario, cantidad) values('4780'	,	'37'	,	'3999'	,	'9')
insert into productosXventa(upc, idVenta, precioUnitario, cantidad) values('5050'	,	'38'	,	'4999'	,	'8')
insert into productosXventa(upc, idVenta, precioUnitario, cantidad) values('5080'	,	'38'	,	'2999'	,	'12'	)
insert into productosXventa(upc, idVenta, precioUnitario, cantidad) values('4650'	,	'39'	,	'3399'	,	'10'	)
insert into productosXventa(upc, idVenta, precioUnitario, cantidad) values('5300'	,	'39'	,	'3399'	,	'12'	)
insert into productosXventa(upc, idVenta, precioUnitario, cantidad) values('5310'	,	'40'	,	'3399'	,	'4')
insert into productosXventa(upc, idVenta, precioUnitario, cantidad) values('5260'	,	'41'	,	'3999'	,	'4')
insert into productosXventa(upc, idVenta, precioUnitario, cantidad) values('5310'	,	'41'	,	'3399'	,	'5')
insert into productosXventa(upc, idVenta, precioUnitario, cantidad) values('5250'	,	'42'	,	'3999'	,	'9')
insert into productosXventa(upc, idVenta, precioUnitario, cantidad) values('5230'	,	'43'	,	'1999'	,	'2')
insert into productosXventa(upc, idVenta, precioUnitario, cantidad) values('5070'	,	'43'	,	'1999'	,	'13'	)
insert into productosXventa(upc, idVenta, precioUnitario, cantidad) values('4830'	,	'43'	,	'3999'	,	'8')
insert into productosXventa(upc, idVenta, precioUnitario, cantidad) values('4890'	,	'44'	,	'4999'	,	'6')
insert into productosXventa(upc, idVenta, precioUnitario, cantidad) values('5250'	,	'44'	,	'3999'	,	'6')
insert into productosXventa(upc, idVenta, precioUnitario, cantidad) values('5200'	,	'44'	,	'3399'	,	'4')
insert into productosXventa(upc, idVenta, precioUnitario, cantidad) values('5120'	,	'45'	,	'4999'	,	'3')
insert into productosXventa(upc, idVenta, precioUnitario, cantidad) values('4970'	,	'45'	,	'3399'	,	'3')
insert into productosXventa(upc, idVenta, precioUnitario, cantidad) values('5300'	,	'46'	,	'3399'	,	'4')
insert into productosXventa(upc, idVenta, precioUnitario, cantidad) values('4920'	,	'48'	,	'4999'	,	'10'	)
insert into productosXventa(upc, idVenta, precioUnitario, cantidad) values('4980'	,	'48'	,	'4999'	,	'7')
insert into productosXventa(upc, idVenta, precioUnitario, cantidad) values('5130'	,	'49'	,	'4999'	,	'10'	)
insert into productosXventa(upc, idVenta, precioUnitario, cantidad) values('4650'	,	'49'	,	'3399'	,	'3')
insert into productosXventa(upc, idVenta, precioUnitario, cantidad) values('4970'	,	'50'	,	'3399'	,	'7')
insert into productosXventa(upc, idVenta, precioUnitario, cantidad) values('5140'	,	'51'	,	'4999'	,	'12'	)
insert into productosXventa(upc, idVenta, precioUnitario, cantidad) values('5000'	,	'53'	,	'1999'	,	'8')
insert into productosXventa(upc, idVenta, precioUnitario, cantidad) values('4790'	,	'55'	,	'3399'	,	'8')
insert into productosXventa(upc, idVenta, precioUnitario, cantidad) values('4800'	,	'55'	,	'3399'	,	'8')
insert into productosXventa(upc, idVenta, precioUnitario, cantidad) values('5090'	,	'56'	,	'2999'	,	'6')
insert into productosXventa(upc, idVenta, precioUnitario, cantidad) values('4910'	,	'57'	,	'4999'	,	'1')
insert into productosXventa(upc, idVenta, precioUnitario, cantidad) values('4650'	,	'57'	,	'3399'	,	'8')
insert into productosXventa(upc, idVenta, precioUnitario, cantidad) values('5060'	,	'57'	,	'5999'	,	'4')
insert into productosXventa(upc, idVenta, precioUnitario, cantidad) values('4930'	,	'58'	,	'3999'	,	'11'	)
insert into productosXventa(upc, idVenta, precioUnitario, cantidad) values('5080'	,	'58'	,	'2999'	,	'13'	)
insert into productosXventa(upc, idVenta, precioUnitario, cantidad) values('4850'	,	'58'	,	'2999'	,	'13'	)
insert into productosXventa(upc, idVenta, precioUnitario, cantidad) values('5170'	,	'60'	,	'4999'	,	'13'	)
insert into productosXventa(upc, idVenta, precioUnitario, cantidad) values('4740'	,	'60'	,	'1999'	,	'8')
insert into productosXventa(upc, idVenta, precioUnitario, cantidad) values('5020'	,	'60'	,	'4999'	,	'5')
insert into productosXventa(upc, idVenta, precioUnitario, cantidad) values('4850'	,	'60'	,	'2999'	,	'4')
insert into productosXventa(upc, idVenta, precioUnitario, cantidad) values('4950'	,	'60'	,	'3999'	,	'13'	)
insert into productosXventa(upc, idVenta, precioUnitario, cantidad) values('5300'	,	'61'	,	'3399'	,	'10'	)
insert into productosXventa(upc, idVenta, precioUnitario, cantidad) values('4950'	,	'61'	,	'3999'	,	'5')
insert into productosXventa(upc, idVenta, precioUnitario, cantidad) values('4870'	,	'61'	,	'1999'	,	'4')
insert into productosXventa(upc, idVenta, precioUnitario, cantidad) values('4840'	,	'61'	,	'3999'	,	'6')
insert into productosXventa(upc, idVenta, precioUnitario, cantidad) values('5280'	,	'62'	,	'3999'	,	'9')
insert into productosXventa(upc, idVenta, precioUnitario, cantidad) values('4920'	,	'62'	,	'4999'	,	'3')
insert into productosXventa(upc, idVenta, precioUnitario, cantidad) values('4910'	,	'62'	,	'4999'	,	'2')
insert into productosXventa(upc, idVenta, precioUnitario, cantidad) values('5000'	,	'63'	,	'1999'	,	'6')
insert into productosXventa(upc, idVenta, precioUnitario, cantidad) values('4760'	,	'63'	,	'4999'	,	'9')
insert into productosXventa(upc, idVenta, precioUnitario, cantidad) values('4820'	,	'64'	,	'3999'	,	'5')
insert into productosXventa(upc, idVenta, precioUnitario, cantidad) values('4710'	,	'64'	,	'2999'	,	'2')
insert into productosXventa(upc, idVenta, precioUnitario, cantidad) values('4720'	,	'64'	,	'2999'	,	'10'	)
insert into productosXventa(upc, idVenta, precioUnitario, cantidad) values('5220'	,	'65'	,	'1999'	,	'12'	)
insert into productosXventa(upc, idVenta, precioUnitario, cantidad) values('4850'	,	'65'	,	'2999'	,	'6')
insert into productosXventa(upc, idVenta, precioUnitario, cantidad) values('5200'	,	'65'	,	'3399'	,	'6')
insert into productosXventa(upc, idVenta, precioUnitario, cantidad) values('4850'	,	'67'	,	'2999'	,	'5')
insert into productosXventa(upc, idVenta, precioUnitario, cantidad) values('4990'	,	'67'	,	'4999'	,	'5')
insert into productosXventa(upc, idVenta, precioUnitario, cantidad) values('5120'	,	'67'	,	'4999'	,	'7')
insert into productosXventa(upc, idVenta, precioUnitario, cantidad) values('4860'	,	'67'	,	'2999'	,	'7')
insert into productosXventa(upc, idVenta, precioUnitario, cantidad) values('5150'	,	'67'	,	'4999'	,	'9')
insert into productosXventa(upc, idVenta, precioUnitario, cantidad) values('4720'	,	'67'	,	'2999'	,	'10'	)
insert into productosXventa(upc, idVenta, precioUnitario, cantidad) values('5340'	,	'67'	,	'2999'	,	'9')
insert into productosXventa(upc, idVenta, precioUnitario, cantidad) values('5360'	,	'67'	,	'3999'	,	'2')
insert into productosXventa(upc, idVenta, precioUnitario, cantidad) values('4750'	,	'67'	,	'4999'	,	'1')
insert into productosXventa(upc, idVenta, precioUnitario, cantidad) values('5080'	,	'68'	,	'2999'	,	'11'	)
insert into productosXventa(upc, idVenta, precioUnitario, cantidad) values('5240'	,	'68'	,	'2999'	,	'10'	)
insert into productosXventa(upc, idVenta, precioUnitario, cantidad) values('5340'	,	'68'	,	'2999'	,	'12'	)
insert into productosXventa(upc, idVenta, precioUnitario, cantidad) values('4960'	,	'69'	,	'3399'	,	'13'	)
insert into productosXventa(upc, idVenta, precioUnitario, cantidad) values('5260'	,	'69'	,	'3999'	,	'11'	)
insert into productosXventa(upc, idVenta, precioUnitario, cantidad) values('5300'	,	'69'	,	'3399'	,	'6')
insert into productosXventa(upc, idVenta, precioUnitario, cantidad) values('5260'	,	'69'	,	'3999'	,	'11'	)
insert into productosXventa(upc, idVenta, precioUnitario, cantidad) values('5080'	,	'70'	,	'2999'	,	'1')
insert into productosXventa(upc, idVenta, precioUnitario, cantidad) values('5170'	,	'70'	,	'4999'	,	'9')
insert into productosXventa(upc, idVenta, precioUnitario, cantidad) values('5180'	,	'71'	,	'3399'	,	'10'	)
insert into productosXventa(upc, idVenta, precioUnitario, cantidad) values('5160'	,	'72'	,	'4999'	,	'11'	)
insert into productosXventa(upc, idVenta, precioUnitario, cantidad) values('5080'	,	'73'	,	'2999'	,	'1')
insert into productosXventa(upc, idVenta, precioUnitario, cantidad) values('5190'	,	'73'	,	'3399'	,	'4')
insert into productosXventa(upc, idVenta, precioUnitario, cantidad) values('5210'	,	'75'	,	'3999'	,	'12'	)
insert into productosXventa(upc, idVenta, precioUnitario, cantidad) values('4820'	,	'75'	,	'3999'	,	'6')
insert into productosXventa(upc, idVenta, precioUnitario, cantidad) values('4910'	,	'76'	,	'4999'	,	'1')
insert into productosXventa(upc, idVenta, precioUnitario, cantidad) values('4850'	,	'76'	,	'2999'	,	'13'	)
insert into productosXventa(upc, idVenta, precioUnitario, cantidad) values('4720'	,	'77'	,	'2999'	,	'10'	)
insert into productosXventa(upc, idVenta, precioUnitario, cantidad) values('4670'	,	'77'	,	'3399'	,	'4')
insert into productosXventa(upc, idVenta, precioUnitario, cantidad) values('4850'	,	'78'	,	'2999'	,	'3')
insert into productosXventa(upc, idVenta, precioUnitario, cantidad) values('4650'	,	'79'	,	'3399'	,	'13'	)
insert into productosXventa(upc, idVenta, precioUnitario, cantidad) values('4710'	,	'79'	,	'2999'	,	'10'	)
insert into productosXventa(upc, idVenta, precioUnitario, cantidad) values('4680'	,	'80'	,	'4999'	,	'8')
insert into productosXventa(upc, idVenta, precioUnitario, cantidad) values('5240'	,	'80'	,	'2999'	,	'7')
insert into productosXventa(upc, idVenta, precioUnitario, cantidad) values('5340'	,	'80'	,	'2999'	,	'1')
insert into productosXventa(upc, idVenta, precioUnitario, cantidad) values('4950'	,	'80'	,	'3999'	,	'11'	)
insert into productosXventa(upc, idVenta, precioUnitario, cantidad) values('4870'	,	'81'	,	'1999'	,	'10'	)
insert into productosXventa(upc, idVenta, precioUnitario, cantidad) values('5040'	,	'82'	,	'4999'	,	'9')
insert into productosXventa(upc, idVenta, precioUnitario, cantidad) values('4990'	,	'82'	,	'4999'	,	'3')
insert into productosXventa(upc, idVenta, precioUnitario, cantidad) values('4860'	,	'82'	,	'2999'	,	'6')
insert into productosXventa(upc, idVenta, precioUnitario, cantidad) values('5060'	,	'83'	,	'5999'	,	'10'	)
insert into productosXventa(upc, idVenta, precioUnitario, cantidad) values('4650'	,	'83'	,	'3399'	,	'6')
insert into productosXventa(upc, idVenta, precioUnitario, cantidad) values('5210'	,	'83'	,	'3999'	,	'12'	)
insert into productosXventa(upc, idVenta, precioUnitario, cantidad) values('5170'	,	'83'	,	'4999'	,	'1')
insert into productosXventa(upc, idVenta, precioUnitario, cantidad) values('4850'	,	'84'	,	'2999'	,	'13'	)
insert into productosXventa(upc, idVenta, precioUnitario, cantidad) values('5260'	,	'86'	,	'3999'	,	'5	')
insert into productosXventa(upc, idVenta, precioUnitario, cantidad) values('5280'	,	'86'	,	'3999'	,	'2')
insert into productosXventa(upc, idVenta, precioUnitario, cantidad) values('5110'	,	'86'	,	'3399'	,	'12'	)
insert into productosXventa(upc, idVenta, precioUnitario, cantidad) values('5150'	,	'86'	,	'4999'	,	'6')
insert into productosXventa(upc, idVenta, precioUnitario, cantidad) values('4850'	,	'86'	,	'2999'	,	'7')
insert into productosXventa(upc, idVenta, precioUnitario, cantidad) values('4890'	,	'86'	,	'4999'	,	'8')
insert into productosXventa(upc, idVenta, precioUnitario, cantidad) values('5050'	,	'87'	,	'4999'	,	'10'	)
insert into productosXventa(upc, idVenta, precioUnitario, cantidad) values('5070'	,	'87'	,	'1999'	,	'2')
insert into productosXventa(upc, idVenta, precioUnitario, cantidad) values('4670'	,	'87'	,	'3399'	,	'1')
insert into productosXventa(upc, idVenta, precioUnitario, cantidad) values('4730'	,	'88'	,	'2999'	,	'9')
insert into productosXventa(upc, idVenta, precioUnitario, cantidad) values('4790'	,	'88'	,	'3399'	,	'2')
insert into productosXventa(upc, idVenta, precioUnitario, cantidad) values('5240'	,	'88'	,	'2999'	,	'11'	)
insert into productosXventa(upc, idVenta, precioUnitario, cantidad) values('4670'	,	'89'	,	'3399'	,	'7')
insert into productosXventa(upc, idVenta, precioUnitario, cantidad) values('4800'	,	'89'	,	'3399'	,	'2')
insert into productosXventa(upc, idVenta, precioUnitario, cantidad) values('5200'	,	'89'	,	'3399'	,	'10'	)
insert into productosXventa(upc, idVenta, precioUnitario, cantidad) values('5280'	,	'89'	,	'3999'	,	'7')
insert into productosXventa(upc, idVenta, precioUnitario, cantidad) values('5280'	,	'90'	,	'3999'	,	'9')
insert into productosXventa(upc, idVenta, precioUnitario, cantidad) values('4930'	,	'90'	,	'3999'	,	'9')
insert into productosXventa(upc, idVenta, precioUnitario, cantidad) values('4950'	,	'91'	,	'3999'	,	'7')
insert into productosXventa(upc, idVenta, precioUnitario, cantidad) values('4980'	,	'91'	,	'4999'	,	'4')
insert into productosXventa(upc, idVenta, precioUnitario, cantidad) values('5260'	,	'91'	,	'3999'	,	'11'	)
insert into productosXventa(upc, idVenta, precioUnitario, cantidad) values('4880'	,	'92'	,	'1999'	,	'2')
insert into productosXventa(upc, idVenta, precioUnitario, cantidad) values('4650'	,	'93'	,	'3399'	,	'13'	)
insert into productosXventa(upc, idVenta, precioUnitario, cantidad) values('5060'	,	'93'	,	'5999'	,	'3')
insert into productosXventa(upc, idVenta, precioUnitario, cantidad) values('5040'	,	'93'	,	'4999'	,	'8')
insert into productosXventa(upc, idVenta, precioUnitario, cantidad) values('4950'	,	'93'	,	'3999'	,	'6')
insert into productosXventa(upc, idVenta, precioUnitario, cantidad) values('5290'	,	'94'	,	'3399'	,	'1')
insert into productosXventa(upc, idVenta, precioUnitario, cantidad) values('5160'	,	'94'	,	'4999'	,	'7')
insert into productosXventa(upc, idVenta, precioUnitario, cantidad) values('5220'	,	'95'	,	'1999'	,	'11'	)
insert into productosXventa(upc, idVenta, precioUnitario, cantidad) values('4870'	,	'95'	,	'1999'	,	'4')
insert into productosXventa(upc, idVenta, precioUnitario, cantidad) values('5140'	,	'96'	,	'4999'	,	'1')
insert into productosXventa(upc, idVenta, precioUnitario, cantidad) values('4840'	,	'96'	,	'3999'	,	'13'	)
insert into productosXventa(upc, idVenta, precioUnitario, cantidad) values('5080'	,	'96'	,	'2999'	,	'10'	)
insert into productosXventa(upc, idVenta, precioUnitario, cantidad) values('5020'	,	'96'	,	'4999'	,	'4')
insert into productosXventa(upc, idVenta, precioUnitario, cantidad) values('4820'	,	'96'	,	'3999'	,	'10'	)
insert into productosXventa(upc, idVenta, precioUnitario, cantidad) values('4850'	,	'97'	,	'2999'	,	'1')
insert into productosXventa(upc, idVenta, precioUnitario, cantidad) values('5310'	,	'97'	,	'3399'	,	'4')
insert into productosXventa(upc, idVenta, precioUnitario, cantidad) values('5050'	,	'98'	,	'4999'	,	'1')
insert into productosXventa(upc, idVenta, precioUnitario, cantidad) values('4900'	,	'98'	,	'4999'	,	'8')
insert into productosXventa(upc, idVenta, precioUnitario, cantidad) values('5010'	,	'98'	,	'1799'	,	'3')
insert into productosXventa(upc, idVenta, precioUnitario, cantidad) values('4820'	,	'98'	,	'3999'	,	'12'	)
insert into productosXventa(upc, idVenta, precioUnitario, cantidad) values('4680'	,	'99'	,	'4999'	,	'10'	)
insert into productosXventa(upc, idVenta, precioUnitario, cantidad) values('4870'	,	'99'	,	'1999'	,	'9')
insert into productosXventa(upc, idVenta, precioUnitario, cantidad) values('5150'	,	'101'	,	'4999'	,	'2')
insert into productosXventa(upc, idVenta, precioUnitario, cantidad) values('4980'	,	'101'	,	'4999'	,	'8')
insert into productosXventa(upc, idVenta, precioUnitario, cantidad) values('4950'	,	'102'	,	'3999'	,	'2')
insert into productosXventa(upc, idVenta, precioUnitario, cantidad) values('5330'	,	'102'	,	'2999'	,	'10'	)
insert into productosXventa(upc, idVenta, precioUnitario, cantidad) values('4860'	,	'104'	,	'2999'	,	'8')
insert into productosXventa(upc, idVenta, precioUnitario, cantidad) values('5200'	,	'104'	,	'3399'	,	'6')
insert into productosXventa(upc, idVenta, precioUnitario, cantidad) values('5060'	,	'105'	,	'5999'	,	'3')
insert into productosXventa(upc, idVenta, precioUnitario, cantidad) values('5200'	,	'105'	,	'3399'	,	'8')
insert into productosXventa(upc, idVenta, precioUnitario, cantidad) values('5240'	,	'106'	,	'2999'	,	'11'	)
insert into productosXventa(upc, idVenta, precioUnitario, cantidad) values('5230'	,	'106'	,	'1999'	,	'9')
insert into productosXventa(upc, idVenta, precioUnitario, cantidad) values('4790'	,	'107'	,	'3399'	,	'5')
insert into productosXventa(upc, idVenta, precioUnitario, cantidad) values('5010'	,	'107'	,	'1799'	,	'2')
insert into productosXventa(upc, idVenta, precioUnitario, cantidad) values('5000'	,	'107'	,	'1999'	,	'4')
insert into productosXventa(upc, idVenta, precioUnitario, cantidad) values('4990'	,	'108'	,	'4999'	,	'2')
insert into productosXventa(upc, idVenta, precioUnitario, cantidad) values('4930'	,	'109'	,	'3999'	,	'4')
insert into productosXventa(upc, idVenta, precioUnitario, cantidad) values('5330'	,	'109'	,	'2999'	,	'11'	)
insert into productosXventa(upc, idVenta, precioUnitario, cantidad) values('4870'	,	'109'	,	'1999'	,	'13'	)
insert into productosXventa(upc, idVenta, precioUnitario, cantidad) values('5250'	,	'109'	,	'3999'	,	'12'	)
insert into productosXventa(upc, idVenta, precioUnitario, cantidad) values('5300'	,	'110'	,	'3399'	,	'6')
insert into productosXventa(upc, idVenta, precioUnitario, cantidad) values('4760'	,	'110'	,	'4999'	,	'12'	)
insert into productosXventa(upc, idVenta, precioUnitario, cantidad) values('4700'	,	'110'	,	'4999'	,	'10'	)
insert into productosXventa(upc, idVenta, precioUnitario, cantidad) values('4880'	,	'111'	,	'1999'	,	'1')
insert into productosXventa(upc, idVenta, precioUnitario, cantidad) values('5010'	,	'111'	,	'1799'	,	'5')
insert into productosXventa(upc, idVenta, precioUnitario, cantidad) values('5360'	,	'112'	,	'3999'	,	'9')
insert into productosXventa(upc, idVenta, precioUnitario, cantidad) values('5230'	,	'112'	,	'1999'	,	'8')
insert into productosXventa(upc, idVenta, precioUnitario, cantidad) values('5310'	,	'113'	,	'3399'	,	'12'	)
insert into productosXventa(upc, idVenta, precioUnitario, cantidad) values('4960'	,	'113'	,	'3399'	,	'7')
insert into productosXventa(upc, idVenta, precioUnitario, cantidad) values('4670'	,	'113'	,	'3399'	,	'11'	)
insert into productosXventa(upc, idVenta, precioUnitario, cantidad) values('5270'	,	'114'	,	'3999'	,	'12'	)
insert into productosXventa(upc, idVenta, precioUnitario, cantidad) values('5350'	,	'114'	,	'4999'	,	'2	')
insert into productosXventa(upc, idVenta, precioUnitario, cantidad) values('5050'	,	'114'	,	'4999'	,	'3	')
--